{
  "battery_soc": {
    "min": 0.10011283608821016,
    "max": 0.89893415398454
  },
  "charging_rate": {
    "min": 0.20011301600691134,
    "max": 0.9962808239554402
  },
  "grid_load": {
    "min": 0.44935257196726747,
    "max": 1.0
  },
  "electricity_price": {
    "min": 0.35203232591271605,
    "max": 1.0
  },
  "num_active_sessions": {
    "min": 0,
    "max": 10
  }
}